INSERT INTO hoteluri VALUES(10001, 'Hotel Central', 4, 'Calea Bucuresti 17, Craiova, Dolj', '0351435286', 'receptie@hotelcentral.ro');
INSERT INTO hoteluri VALUES(10002, 'Hotel Aurora', 3, 'Bd. Eroilor 3, Brasov, Brasov', '0268905274', 'hotel@hotelaurora.ro');
INSERT INTO hoteluri VALUES(10003, 'Hotel Metropolis', 4, 'Splaiul Independentei 18, Sector 5, Bucuresti', '0317854391', 'receptie@hotel.ro');
INSERT INTO hoteluri VALUES(10004, 'Hotel Solaris', 5, 'Bd. Tudor Vladimirescu 36, Eforie Nord, Constanta', '0241894027', 'receptie@hotel.ro');
INSERT INTO hoteluri VALUES(10005, 'Hotel Diamant', 4, 'Str. Horea 54, Cluj-Napoca, Cluj', '0364754190', 'rezervari@hotel.ro');

INSERT INTO angajati VALUES(20001, 'Popescu', 'Ion', 'ion.popescu@gmail.com', '0745298053', 9200);
INSERT INTO angajati VALUES(20002, 'Ionescu', 'Ana', 'anaionescu@yahoo.com', '0723069824', 5500);
INSERT INTO angajati VALUES(20003, 'Dumitru', 'Andrei', 'andreidumitru@gmail.com', '0723475841', 6700);
INSERT INTO angajati VALUES(20004, 'Lazar', 'Alexandru', 'alexandru.lazar@yahoo.com', '0737539219', 8800);
INSERT INTO angajati VALUES(20005, 'Enache', 'Ioana', 'ioanaenache@gmail.com', '0736106282', 3700);
INSERT INTO angajati VALUES(20006, 'Barbu', 'Mihai', 'mihaibarbu@gmail.com', '0756829741', 5200);
INSERT INTO angajati VALUES(20007, 'Grigore', 'Elena', 'elena.grigore@gmail.com', '073520132', 3400);
INSERT INTO angajati VALUES(20008, 'Vasilescu', 'Maria', 'mariavasilescu@yahoo.com', '0746894524', 9400);
INSERT INTO angajati VALUES(20009, 'Negru', 'Andreea', 'andreeanegru@gmail.com', '0774580013', 5800);
INSERT INTO angajati VALUES(20010, 'Dumitrescu', 'Bogdan', 'bogdan.dumitrescu@yahoo.com', '0786794872', 5600);
INSERT INTO angajati VALUES(20011, 'Preda', 'Alexandra', 'alexandra.preda@gmail.com', '0747310283', 4000);
INSERT INTO angajati VALUES(20012, 'Costache', 'Teodor', 'teodorcostache@gmail.com', '0775810384', 6500);
INSERT INTO angajati VALUES(20013, 'Serban', 'Ionel', 'ionelserban@gmail.com', '0795829831', 4800);
INSERT INTO angajati VALUES(20014, 'Badea', 'Sebastian', 'sebastian.badea@yahoo.com', '0759498502', 4700);
INSERT INTO angajati VALUES(20015, 'Munteanu', 'Simona', 'simonamunteanu@gmail.com', '0757893213', 3600);
INSERT INTO angajati VALUES(20016, 'Radulescu', 'Lucian', 'lucian.radulescu@gmail.com', '0750049256', 3500);

INSERT INTO joburi VALUES(30001, 'Manager', 7000, 10000);
INSERT INTO joburi VALUES(30002, 'Asistent manager', 6000, 8000);
INSERT INTO joburi VALUES(30003, 'Receptioner', 4000, 6000);
INSERT INTO joburi VALUES(30004, 'Camerista', 3000, 4000);
INSERT INTO joburi VALUES(30005, 'Bucatar', 5000, 7000);
INSERT INTO joburi VALUES(30006, 'Barman', 3000, 5000);
INSERT INTO joburi VALUES(30007, 'Tehnician mentenanta', 3000, 4000);
INSERT INTO joburi VALUES(30008, 'Administrator IT', 5000, 8000);

INSERT INTO istoric_joburi VALUES(TO_DATE('19-01-2017', 'DD-MM-YYYY'), NULL , 20001, 30001, 10001);
INSERT INTO istoric_joburi VALUES(TO_DATE('25-02-2016', 'DD-MM-YYYY'), TO_DATE('18-01-2017', 'DD-MM-YYYY'), 20001, 30002, 10001);
INSERT INTO istoric_joburi VALUES(TO_DATE('15-07-2023', 'DD-MM-YYYY'), NULL, 20002, 30003, 10001);
INSERT INTO istoric_joburi VALUES(TO_DATE('30-04-2015', 'DD-MM-YYYY'), TO_DATE('14-07-2023', 'DD-MM-YYYY'), 20003, 30003, 10001);
INSERT INTO istoric_joburi VALUES(TO_DATE('21-08-2024', 'DD-MM-YYYY'), NULL, 20004, 30004, 10001);
INSERT INTO istoric_joburi VALUES(TO_DATE('03-11-2019', 'DD-MM-YYYY'), NULL, 20003, 30008, 10001);
INSERT INTO istoric_joburi VALUES(TO_DATE('28-05-2022', 'DD-MM-YYYY'), NULL, 20004, 30001, 10002);
INSERT INTO istoric_joburi VALUES(TO_DATE('01-10-2021', 'DD-MM-YYYY'), NULL, 20006, 30003, 10002);
INSERT INTO istoric_joburi VALUES(TO_DATE('25-09-2021', 'DD-MM-YYYY'), NULL, 20007, 30004, 10002);
INSERT INTO istoric_joburi VALUES(TO_DATE('12-03-2020', 'DD-MM-YYYY'), TO_DATE('24-09-2021', 'DD-MM-YYYY'), 20007, 30004, 10003);
INSERT INTO istoric_joburi VALUES(TO_DATE('20-06-2019', 'DD-MM-YYYY'), NULL, 20008, 30001, 10003);
INSERT INTO istoric_joburi VALUES(TO_DATE('15-10-2020', 'DD-MM-YYYY'), NULL, 20009, 30003, 10003);
INSERT INTO istoric_joburi VALUES(TO_DATE('08-03-2021', 'DD-MM-YYYY'), NULL, 20010, 30003, 10003);
INSERT INTO istoric_joburi VALUES(TO_DATE('25-09-2021', 'DD-MM-YYYY'), NULL, 20011, 30004, 10003);
INSERT INTO istoric_joburi VALUES(TO_DATE('16-01-2018', 'DD-MM-YYYY'), NULL, 20012, 30005, 10003);
INSERT INTO istoric_joburi VALUES(TO_DATE('02-04-2022', 'DD-MM-YYYY'), NULL, 20013, 30006, 10003);
INSERT INTO istoric_joburi VALUES(TO_DATE('12-06-2024', 'DD-MM-YYYY'), NULL, 20014, 30006, 10003);
INSERT INTO istoric_joburi VALUES(TO_DATE('05-08-2023', 'DD-MM-YYYY'), NULL, 20015, 30007, 10003);
INSERT INTO istoric_joburi VALUES(TO_DATE('18-03-2021', 'DD-MM-YYYY'), TO_DATE('04-08-2023', 'DD-MM-YYYY'), 20016, 30007, 10003);

INSERT INTO camere VALUES(40001, 101, 1, 300, 10001);
INSERT INTO camere VALUES(40002, 102, 2, 450, 10001);
INSERT INTO camere VALUES(40003, 103, 2, 450, 10001);
INSERT INTO camere VALUES(40004, 201, 3, 550, 10001);
INSERT INTO camere VALUES(40005, 202, 2, 500, 10001);
INSERT INTO camere VALUES(40006, 301, 4, 650, 10001);
INSERT INTO camere VALUES(40007, 302, 4, 700, 10001);
INSERT INTO camere VALUES(40008, 101, 1, 250, 10002);
INSERT INTO camere VALUES(40009, 102, 1, 250, 10002);
INSERT INTO camere VALUES(40010, 201, 2, 400, 10002);
INSERT INTO camere VALUES(40011, 202, 2, 400, 10002);
INSERT INTO camere VALUES(40012, 203, 2, 500, 10002);
INSERT INTO camere VALUES(40013, 301, 3, 550, 10002);
INSERT INTO camere VALUES(40014, 302, 4, 600, 10002);
INSERT INTO camere VALUES(40015, 101, 2, 500, 10003);
INSERT INTO camere VALUES(40016, 102, 2, 500, 10003);
INSERT INTO camere VALUES(40017, 103, 2, 550, 10003);
INSERT INTO camere VALUES(40018, 104, 2, 550, 10003);
INSERT INTO camere VALUES(40019, 201, 3, 600, 10003);
INSERT INTO camere VALUES(40020, 202, 3, 600, 10003);
INSERT INTO camere VALUES(40021, 203, 4, 750, 10003);
INSERT INTO camere VALUES(40022, 204, 4, 750, 10003);
INSERT INTO camere VALUES(40023, 205, 4, 800, 10003);

INSERT INTO clienti VALUES(50001, 'Stan', 'Maria', 'mariastan@gmail.com', '0757308347', NULL);
INSERT INTO clienti VALUES(50002, 'Marin', 'Vlad', 'vlad.marin@gmail.com', NULL, 'Bd. Independenței nr. 78, Iasi, Iasi');
INSERT INTO clienti VALUES(50003, 'Ilie', 'Florin', 'florin.ilie@yahoo.com', '0723102643', 'Str. Trandafirilor nr. 23, Timisoara, Timis');
INSERT INTO clienti VALUES(50004, 'Voicu', 'Roxana', 'roxanavoicu@gmail.com', NULL, 'Aleea Castanilor nr. 5, Constanta, Constanta');
INSERT INTO clienti VALUES(50005, 'Florescu', 'Andreea', 'andreeaflorescu@yahoo.com', NULL, NULL);
INSERT INTO clienti VALUES(50006, 'Radu', 'Adrian', 'adrian.radu@gmail.com', '0753647241', NULL);

INSERT INTO rezervari VALUES (60000001, TO_DATE('01-02-2026', 'DD-MM-YYYY'), TO_DATE('06-02-2026', 'DD-MM-YYYY'), 2, TO_DATE('04-01-2026', 'DD-MM-YYYY'), 2500, 'CONFIRMATA', 50001, 40015);
INSERT INTO rezervari VALUES (60000002, TO_DATE('15-01-2026', 'DD-MM-YYYY'), TO_DATE('18-01-2026', 'DD-MM-YYYY'), 2, TO_DATE('20-12-2025', 'DD-MM-YYYY'), 1350, 'CREATA', 50002, 40002);
INSERT INTO rezervari VALUES (60000003, TO_DATE('01-08-2025', 'DD-MM-YYYY'), TO_DATE('05-08-2025', 'DD-MM-YYYY'), 3, TO_DATE('20-07-2025', 'DD-MM-YYYY'), 2400, 'FINALIZATA', 50003, 40014);
INSERT INTO rezervari VALUES (60000004, TO_DATE('06-03-2026', 'DD-MM-YYYY'), TO_DATE('11-03-2026', 'DD-MM-YYYY'), 1, TO_DATE('08-01-2026', 'DD-MM-YYYY'), 1500, 'CONFIRMATA', 50004, 40001);
INSERT INTO rezervari VALUES (60000005, TO_DATE('30-12-2025', 'DD-MM-YYYY'), TO_DATE('02-01-2026', 'DD-MM-YYYY'), 4, TO_DATE('29-10-2025', 'DD-MM-YYYY'), 2250, 'ANULATA', 50005, 40022);
INSERT INTO rezervari VALUES (60000006, TO_DATE('23-12-2025', 'DD-MM-YYYY'), TO_DATE('27-12-2025', 'DD-MM-YYYY'), 3, TO_DATE('02-11-2025', 'DD-MM-YYYY'), 2200, 'FINALIZATA', 50002, 40013);
INSERT INTO rezervari VALUES (60000007, TO_DATE('18-11-2025', 'DD-MM-YYYY'), TO_DATE('21-11-2025', 'DD-MM-YYYY'), 4, TO_DATE('06-11-2025', 'DD-MM-YYYY'), 2100, 'FINALIZATA', 50003, 40007);

INSERT INTO facturi VALUES (70000001, 2500, TO_DATE('04-01-2026', 'DD-MM-YYYY'), 'CARD', TO_DATE('04-01-2026', 'DD-MM-YYYY'), 'PLATITA', 60000001);
INSERT INTO facturi VALUES (70000002, 1350, TO_DATE('20-12-2025', 'DD-MM-YYYY'), NULL, NULL, 'NEPLATITA', 60000002);
INSERT INTO facturi VALUES (70000003, 2400, TO_DATE('20-07-2025', 'DD-MM-YYYY'), 'CARD', TO_DATE('20-07-2025', 'DD-MM-YYYY'), 'PLATITA', 60000003);
INSERT INTO facturi VALUES (70000004, 1500, TO_DATE('08-01-2026', 'DD-MM-YYYY'), 'CARD', TO_DATE('08-01-2026', 'DD-MM-YYYY'), 'PLATITA', 60000004);
INSERT INTO facturi VALUES (70000005, 2250, TO_DATE('29-10-2025', 'DD-MM-YYYY'), NULL, NULL, 'NEPLATITA', 60000005);
INSERT INTO facturi VALUES (70000006, 2200, TO_DATE('02-11-2025', 'DD-MM-YYYY'), 'NUMERAR', TO_DATE('27-12-2025', 'DD-MM-YYYY'), 'PLATITA', 60000006);
INSERT INTO facturi VALUES (70000007, 2100, TO_DATE('06-11-2025', 'DD-MM-YYYY'), 'CARD', TO_DATE('06-11-2025', 'DD-MM-YYYY'), 'PLATITA', 60000007);
INSERT INTO facturi VALUES (70000008, 1250, TO_DATE('04-01-2026', 'DD-MM-YYYY'), 'CARD', TO_DATE('04-01-2026', 'DD-MM-YYYY'), 'PLATITA', 60000001);
INSERT INTO facturi VALUES (70000009, 200, TO_DATE('04-01-2026', 'DD-MM-YYYY'), 'CARD', TO_DATE('04-01-2026', 'DD-MM-YYYY'), 'PLATITA', 60000001);
INSERT INTO facturi VALUES (70000010, 180, TO_DATE('20-12-2025', 'DD-MM-YYYY'), NULL, NULL, 'NEPLATITA', 60000002);
INSERT INTO facturi VALUES (70000011, 150, TO_DATE('08-01-2026', 'DD-MM-YYYY'), 'CARD', TO_DATE('08-01-2026', 'DD-MM-YYYY'), 'PLATITA', 60000004);
INSERT INTO facturi VALUES (70000012, 0, TO_DATE('11-02-2026', 'DD-MM-YYYY'), NULL, TO_DATE('11-02-2026', 'DD-MM-YYYY'), 'PLATITA', 60000004);
INSERT INTO facturi VALUES (70000013, 480, TO_DATE('29-10-2025', 'DD-MM-YYYY'), NULL, NULL, 'NEPLATITA', 60000005);
INSERT INTO facturi VALUES (70000014, 60, TO_DATE('24-12-2025', 'DD-MM-YYYY'), 'NUMERAR', TO_DATE('27-12-2025', 'DD-MM-YYYY'), 'PLATITA', 60000006);
INSERT INTO facturi VALUES (70000015, 0, TO_DATE('02-11-2025', 'DD-MM-YYYY'), NULL, TO_DATE('02-11-2025', 'DD-MM-YYYY'), 'PLATITA', 60000006);
INSERT INTO facturi VALUES (70000016, 360, TO_DATE('06-11-2025', 'DD-MM-YYYY'), 'CARD', TO_DATE('06-11-2025', 'DD-MM-YYYY'), 'PLATITA', 60000007);
INSERT INTO facturi VALUES (70000017, 0, TO_DATE('06-11-2025', 'DD-MM-YYYY'), NULL, TO_DATE('06-11-2025', 'DD-MM-YYYY'), 'PLATITA', 60000007);

INSERT INTO servicii VALUES(80001, 'Mic dejun continental', 'Pret per persoana / noapte.', 30);
INSERT INTO servicii VALUES(80002, 'Mic dejun tip bufet', 'Pret per persoana / noapte.', 40);
INSERT INTO servicii VALUES(80003, 'All inclusive', 'Mic dejun, pranz, cina tip bufet incluse si bauturi nelimitate de la bar. Pret per persoana / noapte', 250);
INSERT INTO servicii VALUES(80004, 'Spalatorie si calcatorie', 'Spalare si calcare haine. Pret per comanda.', 60);
INSERT INTO servicii VALUES(80005, 'Transfer aeroport', 'Transport privat intre hotel si aeroport. Pret per cursa.', 100);
INSERT INTO servicii VALUES(80006, 'Parcare gratuita', NULL, 0);

INSERT INTO servicii_rezervari VALUES(60000001, 80003, 5, 1250);
INSERT INTO servicii_rezervari VALUES(60000001, 80005, 2, 200);
INSERT INTO servicii_rezervari VALUES(60000002, 80001, 6, 180);
INSERT INTO servicii_rezervari VALUES(60000004, 80001, 5, 150);
INSERT INTO servicii_rezervari VALUES(60000004, 80006, 1, 0);
INSERT INTO servicii_rezervari VALUES(60000005, 80002, 12, 480);
INSERT INTO servicii_rezervari VALUES(60000006, 80004, 1, 60);
INSERT INTO servicii_rezervari VALUES(60000006, 80006, 1, 0);
INSERT INTO servicii_rezervari VALUES(60000007, 80001, 12, 360);
INSERT INTO servicii_rezervari VALUES(60000007, 80006, 1, 0);

COMMIT;